"group","y1","y2","y3","y4","y5","y6"
1,4.70786882504206,4.27883687436838,2.11668049123641,1.59883106708118,-0.311643408201449,-0.721223222488112
1,4.81308928005983,3.94364253466566,2.22508151750437,-1.37317510576477,-2.02350933005208,-0.552739762083527
1,7.59872759364493,7.49067242063373,0.722678528385202,0.122890831180242,-0.345659028817643,-0.927457135747141
1,7.70726783946469,7.52417672615343,-0.0535209833717645,0.377654974865762,-0.776322799876918,-0.285672952725438
1,6.73621395692963,5.06598053290821,1.70665593090473,1.59990880448355,1.05706599020499,-0.141092676817905
1,4.92842048062124,5.8343672197324,-2.62305053867263,0.744788541890037,0.252346104862791,-0.645830961012993
1,5.97831667197491,5.89393363611318,2.33978452681121,-1.174331580851,0.863887826780747,-1.64309095536726
1,6.99204129213494,6.54834635870839,0.236805435414173,1.04867446896686,-1.03060489226914,-2.55366103850316
1,8.7116421631985,8.62825134868334,0.351336267818974,1.47306192991693,0.802401103818168,-0.689901628835551
1,5.1020568549656,6.72888596064106,-0.404365880264518,0.366484052693517,-0.251841762312815,-1.72790620718803
1,7.85574522787501,7.92838231931516,0.77370994201999,1.45127020527763,-1.33492854293681,-0.495777637192236
1,8.78084452563378,6.45603863598622,4.1023112994411,-0.784293750545284,-0.371537203769367,-0.272904343107726
1,6.42230392901884,6.36680305045379,1.78592234550421,0.762393768041124,-0.515345855389034,-1.40349826971043
1,8.37036403727393,7.37969482517874,1.76903119627519,0.55417521956479,-0.160635284974229,-1.30689048202299
1,4.7517793014817,6.21639839043233,-0.0965652793495142,0.596525303795525,0.724716006408441,-0.289133203417094
1,4.87215600324562,4.28932378763984,2.56369349050487,-0.442294313162968,-0.251696290390473,-0.148965299122615
1,3.17121487225397,4.3085744311508,-0.511815618071968,-0.231172148579001,1.35602339674756,0.0579609309118727
1,7.11582904697,7.71902737274007,0.499495979013256,-0.110113710630468,-0.841735130491075,-1.11073181333682
1,3.76944137500913,3.02894497315678,3.16687683328232,-1.2664674007105,2.19745516590253,-1.66187352789715
1,5.17730122920652,3.8930318351356,1.17974672821794,0.706668575871048,-0.338335473702074,-0.750717532656859
1,8.7728124742702,7.24971996279509,2.13844265326658,-0.322679792225677,-0.715700450342788,-1.90947271386353
1,7.88919565432807,6.27530779566306,3.57608572868443,-0.478961708877351,-0.362630846549964,-1.1927027588482
1,6.41206615191971,6.87361195940695,-0.23268801984103,-1.17751877716215,0.789808929618676,-0.889044454751381
1,3.18135520912503,5.91683456091729,-1.37732795846613,-1.51561712304562,-0.0623793955232209,-1.62353585886658
1,8.453746140447,10.0515799911706,-1.89069406318124,0.63066669149239,-0.788436901649544,-1.08619477892404
1,6.03739428130958,3.3957518341888,3.9597704756393,0.330155297632196,0.81357637988298,-1.60475355022643
1,4.86102008387012,4.66224566582801,-0.120497361217804,2.27271444666523,1.80234355202803,-1.71115760855039
1,7.36341170883937,6.27510501772006,1.95118149948448,-0.0432918698040885,-0.0812034938839891,-1.64626193323502
1,6.03968812707139,6.27673032878894,2.41833268585016,0.720450967162092,0.0857901261901333,-2.4695331134389
1,5.39855640981851,5.56634588879646,0.708335640034863,-0.0582509187437351,1.17492455300517,-1.09945253487316
1,5.33435301793471,3.87258165519637,2.23104479919724,-0.851838809566805,-0.347618758851133,-0.0810174046798388
1,5.35616582435328,3.47489184263025,5.09023890047473,-0.473635508910636,1.95853620843474,-1.02076686575182
1,6.63813391464791,3.90515755046716,4.45732182294147,0.531816496594707,0.144618682383814,-2.58153046834282
1,5.0870951902998,3.23667611437469,3.87380390585805,-1.19087119055006,-0.936465801467309,-0.614605544052189
1,6.41682768627826,5.62201067125055,1.2621999621719,-0.184774322460102,-0.20873631296003,-0.412505950625672
1,7.03547867123571,6.28766114419001,1.79477528068792,0.912270621052401,0.0396268790405027,-1.35184158626362
1,3.3893315671674,4.82059263046336,0.818883381404495,-0.0996624611963768,-0.515913203852358,-1.42499055322855
1,6.00455341903231,8.07666271775307,-1.85705936989176,0.778337568667081,-1.45999845561067,-1.3621785476472
1,8.46803858031417,5.72673652410666,3.8420143033814,-0.13652574609841,-1.03893283798354,-1.00348771917381
1,5.3553371325525,6.9843850415493,1.65239865570418,-1.04536034275375,-0.6730308910305,-1.06869394785475
1,4.55412271199701,3.47934917216884,3.06148651038815,0.429252651423802,0.625167614773145,-1.01699559240203
1,4.75011594380688,8.5931791435805,-2.77140017966928,2.08143379013172,-0.201276550693919,-1.09007857158473
1,5.83368930150248,6.64465233120679,-1.00959200455469,0.210032814497723,-0.422360143114529,-1.09325721649971
1,5.83253414384349,4.19195729040819,2.43809501483134,0.00826061585899518,-0.772171935065584,-0.679155774253915
1,6.73895886826682,4.99496718177565,2.22036727459993,1.54652180096963,0.652961270549153,-1.99442960510067
1,7.15662307826141,4.22868574062628,3.10586575540293,-0.643082659765731,0.401924334202985,-0.850849410184304
1,7.12032841601933,9.04220381798545,-1.37049776099374,0.811314383505681,-0.749449680285587,-0.468018049391684
1,5.87029174857146,5.28635188152491,2.0205512153822,-0.95962433488599,1.67608828427637,-0.902150884122736
1,6.78848710286732,5.37751986638958,1.75217443186202,-0.359230366027939,-1.39118110634493,-0.887089180435812
1,4.23900663340246,6.16742949370327,-1.13686400628414,1.02378168124389,-2.00802059330533,-0.838471837416787
1,4.53142605325015,6.27410840557387,0.462349191025635,-0.790832944722687,-0.150504972336982,-1.82221225121206
1,7.66313193608122,5.07943391009346,4.29117078331447,-0.589402814430857,-0.451776619930367,-0.395665165328601
1,5.58619919055041,5.82108793034772,1.20255164791516,0.675132604585623,0.180474776827579,-1.17118763744901
1,5.41552631194242,5.40447225570734,1.76093586930839,-1.92628171643117,-1.20792297326643,-2.42552403399245
1,4.32072849292201,5.24986056421816,-0.119507941402372,0.53333471288637,-0.146343114102153,-1.16100149182751
1,5.40119188700573,5.91136092617188,1.79137521329685,0.749735521901492,0.95172906472499,-0.841487991219083
1,7.23424432287649,6.31632516869669,2.16754231887524,0.617556281368919,-0.595613754560693,-1.52101389862657
1,4.87370764871234,4.08937003693052,2.50493734546027,1.27281155251692,-1.73519557431573,-1.59871490633948
1,9.81578528160735,6.50588393344229,4.45471148106664,-1.51084682049628,0.0925787944385178,-1.07881331588237
1,4.50425341322504,7.43774294363391,-3.03164066730111,0.0703395676166192,0.631846512355357,-1.22033564424484
1,6.18981787791685,6.2998852965907,1.36569905754865,-0.587228335232811,-1.65819496424134,-2.00432063181989
1,6.88130068353436,8.41863420684643,-1.35774286002189,0.456018095191098,-0.212349997914462,-2.74438904596656
1,5.93772180554955,6.15063983280222,2.28154893963134,-0.565647495579947,-0.726054367697772,-0.657254145782787
1,8.30878823525786,5.71101478615791,3.50783921302312,0.935317335183562,1.4279714802357,-1.66324658150661
1,3.56764671993435,4.26167604423106,-0.0226231022489474,0.655506598506021,0.303552515551622,1.35518410669276
1,5.69936178750709,7.47872068461107,-2.33473063867566,0.44125973618158,0.0888051675354966,-1.11521984207644
1,9.57975976893907,8.50367070055384,2.5381184154321,0.505757434145024,-0.353883978066962,-0.844114219615511
1,7.52125850478366,5.46188091522362,3.71257517493458,-0.294789159698263,-0.706793401781221,-0.380425393312574
1,6.71855206781237,5.80852220481362,1.79123425828167,0.698693670581273,0.743141425895662,-2.51954627581799
1,2.67374833047462,4.87868288524526,-1.01144849662796,-0.36164254645159,1.48277883159973,-1.16528716665089
1,5.38871189006785,4.37799174218268,0.748857526198422,0.103626685151038,-0.738876923118112,-2.41314784347772
1,5.51400470577639,6.36586082703969,-0.395068572544467,-0.52802256924926,-0.530898981263587,-1.87312159381075
1,4.82630676998262,6.18070076403253,-0.78694369508192,0.0495737738777124,-0.331958977683055,-0.401572902286072
1,8.63991349501187,6.1289451242428,5.15054912510907,-0.375466159397773,0.968561521736329,-1.03287680119807
1,8.11290353184517,5.8845689723165,3.23571688352542,-1.13923425444475,-0.311144140667226,-0.714581463508091
1,6.66454414223473,5.52263978684263,2.63249978224131,0.691832524465983,-0.419306646341651,-0.45732760536804
1,8.34237651492214,7.21856271056229,2.38603817684512,-1.65161104699331,-1.53781489250097,-0.386866647997928
1,5.95986985437012,6.95653590206593,-0.400561453711259,-0.753623326207472,-0.17038535494213,-1.88712283800319
1,6.18130577263609,5.40006649579794,1.75004267790423,-1.37589307199374,0.240563092878147,-1.11158002854834
1,6.32504832675391,4.44478654192397,2.53334817180232,-0.340356493260082,1.02903865508603,-1.36226266903998
1,6.73200755657738,6.59934427179909,2.35536157649025,-0.264185533060845,1.03885517867103,-0.707950143183121
1,5.96689194722895,4.79566012058837,2.84047850969069,-0.100680718135318,0.115207211653953,-0.601010571557093
1,7.35042673830018,6.57682147750505,0.0547382458263773,0.481425659455767,-1.13483160141697,-0.486593841680882
1,8.39901022015805,4.33816225217857,4.90215459327826,0.934339970413556,0.844790523797721,-1.29352159122395
1,8.09608067748374,7.11329934284325,2.75300034383121,-0.679087573649887,0.504853647099913,-0.970573539051925
1,7.9510344819352,6.00472084863804,4.34915242937105,0.0149745702709598,0.0416997032018567,-0.841401570114376
1,7.62530304228012,6.45887087219645,2.03496882407647,1.10613171643858,0.666051428194487,-0.443924764025761
1,5.34320575309899,5.57027905882589,0.413215064249836,-0.369198313570967,0.879370995668864,-1.29936273310986
1,5.74815550070373,5.15747423971248,1.95091058090892,-1.00302328337295,0.51492918429869,-1.25988575299315
1,6.12781837165788,5.90477219170011,2.71272217288045,1.96780689222423,0.510475898808076,-2.24947204081811
1,4.16705159247413,4.31512423098055,-1.04260328552958,-0.335886096242123,-1.02581427472001,-1.12978087663696
1,5.0094300620916,5.44920488639081,-0.699115954869195,0.131543670689744,-0.261782986248936,-0.409656349301784
1,7.83557270797621,4.76093135906751,3.97933119918253,0.601715694121981,1.35659636339008,-1.41521346335896
1,6.93335407917299,7.65909335555708,0.413303459904366,1.42254091166226,1.14462978483516,-1.2538035358563
1,6.07228659184559,7.96409381031219,-0.440748562609744,2.42764357901421,0.780004773175518,0.494914836293813
1,6.99459816363892,5.26311710035591,1.86140653452297,-0.522614674398334,0.0543077272876915,-0.543625468205596
1,3.49913046491694,4.23456117533862,0.170551145550539,0.466968598461006,-1.31997397009595,-1.22084355852614
1,8.44643234011739,5.13409355267221,4.48134764530023,-1.55499702079114,-0.530966673208514,-0.161761480444362
1,6.03133326019601,6.20652254212897,-0.240632555609563,2.50855448468755,0.855225278293857,-0.608404997180919
1,5.51704253365997,6.29499906864291,-0.226114838726964,-0.16311160240416,-0.980249545956659,-1.038009774583
1,7.08939608847003,7.34037692190722,1.57897651317641,-0.269726992861685,0.833826332195394,0.504343538672389
1,3.81953288018224,6.07574119365945,-0.689335133225431,0.41681795263245,0.480744931085816,-1.13272852448766
1,6.67363170879878,4.63664173287451,1.17330866596745,0.870704869335765,0.641716288823662,-0.930167658148028
1,7.71521674413757,9.34603475147307,-1.28485604661173,-0.469575640188092,1.17403001728182,0.350841344044112
1,5.4341376474947,5.06786960617479,1.17284121273668,-1.36131047050072,-1.8809720659063,0.146542331899684
1,5.46115339672302,7.31193697998428,0.511353723453302,1.02122378479376,0.362923882584368,0.480022572609164
1,6.24077488757887,7.37660696941453,0.73789803441815,1.85464378545208,-1.14945909512051,-1.48948471882282
1,5.2842781854008,2.49720468330074,3.36490877919233,0.887954793127824,-0.309073630793441,-2.61729329411074
1,2.66237331160654,4.10888207828572,0.554839705196716,-0.00346072319060831,-1.07534126319046,-2.17068717124472
1,6.89881851044889,5.27006302499774,1.10238305714877,2.02998395228899,-0.566685006376817,-0.597296028642579
2,8.47782791318136,10.0606321991338,-1.39781037118058,-0.599426995552951,-0.564709964225141,-2.55532352283182
2,8.30014779055542,7.23753353535357,1.79430485824569,-3.06310560911344,-0.734065797989278,-0.927703599756884
2,8.45650034429245,10.457407128938,-0.960738663352472,-0.580052751952035,0.688033764060097,-2.20274921506543
2,10.4225865983821,8.72718323555068,4.46281736942826,0.24706706999133,0.865723984764061,0.179148679763999
2,7.80237499060638,10.355925923584,-1.21044625526062,0.280256460615931,-0.470480291889909,-0.539441682738206
2,9.98537571236563,10.4759094050692,0.845923437359074,-0.222702483054322,-0.500920810770865,0.0841693823772784
2,8.2302440650046,8.85406460536939,-0.828848530669011,0.942649545972002,0.405300582825344,-1.00502334683778
2,10.5725048427967,9.72048333608068,1.36772173606956,-1.40831083639776,-1.33933752647108,-0.954436124107532
2,10.2789781678934,9.79081271349392,1.4189345982389,0.323377882148331,-0.783401568192828,0.00778302271699993
2,10.243259316783,10.4331956366859,0.383331094678275,-1.35845036001875,0.892913445213914,-0.225027474980215
2,8.77884499183079,10.7624831975003,0.889936474180519,-0.601888605077282,0.636820717122825,-1.08756493452059
2,9.12464368762724,11.4160517727277,-1.26968997743775,0.43664742563525,1.31870692640113,-1.42587895558666
2,10.5876646812284,9.5449028997273,2.71407192937683,0.700176597147803,-1.52016081664512,-1.77508770626527
2,8.99790221250326,7.46526738370434,1.77419290954227,-0.338010480596531,1.22356433624667,-1.220120269076
2,9.0924393610166,9.97487432527157,0.521266929189122,-0.0847264641219282,1.09476728562557,-0.876158099122501
2,7.57641947311899,11.0100053738061,-1.6741347225807,0.159545552477728,-0.141804450939451,-0.624660706015842
2,7.9617457651294,6.96140024797483,3.58237098347494,0.799561290304273,-1.10630647798281,-0.359070772294003
2,9.78592373882179,8.7617083975516,1.59461159785818,0.883972932220619,0.211917304772891,-0.966940545494985
2,9.13216745628208,10.103820252077,1.71413228939211,0.171993828545932,-0.210145182659286,-0.869330253145544
2,11.952342963008,11.2332626090973,0.802009789018792,-1.81586520885944,-0.849112626409593,-1.35709729185562
2,7.64010114116593,8.35746030933172,-0.208195502201812,-0.745128718641836,-1.94785728188217,-0.228735850502284
2,9.49951996850952,7.88990583557388,2.88212066609307,-1.15207760472922,0.769779443044168,-1.13116705299228
2,11.2647938780321,7.86931656084311,4.47617741364851,0.213895204976284,-0.303968256118861,-1.3333453597915
2,9.87908333439403,9.75552580088913,-1.41419907423759,-0.00945620978442696,1.48064269819435,-0.552315232298682
2,8.88615072068078,10.3096164061385,-0.877766075055179,-0.768864296352425,-0.667565804640843,-1.19242104422128
2,11.270158953924,9.36668597494084,3.13694114718056,-0.64822701661116,1.2129268925171,-0.439378309833563
2,8.24708120492402,12.5681070362349,-3.4621633485644,0.342626583162233,-0.0259404599579117,-0.256349795356095
2,7.08900621650411,6.93761945525077,1.68705310784041,-0.351786462040798,-1.08474087333695,-0.66936323837056
2,10.5153133520716,10.2435051275348,0.414217232321621,0.746991903032059,1.47026321968476,0.115643222587035
2,9.01221875644152,10.434027419082,1.0880247234923,-1.48466252536373,0.985967902475701,-0.156719161048325
2,8.80346518783652,7.38247952676738,4.03285178842997,-1.79136136611315,-0.731077476319171,-0.513645811126372
2,8.67170410859834,9.94667917367689,-2.600366291199,-1.82238209335446,-0.354535672317786,-1.38223765558192
2,8.6466915459124,8.52783594928472,0.412470624482232,0.15060919661994,-0.47150610365996,-0.510043899670372
2,9.41770350979657,10.9045097724061,-1.43764195092413,0.86543323088243,0.842939981266498,-2.55142088087959
2,8.94401534636205,7.43846317107649,3.60589981392182,0.948576652280979,-0.00897329115516127,-1.6746132096972
2,8.95834478215185,10.7147884127829,-3.00775146512584,0.0443700917276069,-0.455686795291723,-1.09912482836192
2,8.43957689499741,9.75244244723721,0.224810169873117,-1.71646990698451,-0.869332778363883,-0.740385546944688
2,9.12115033406865,10.1853293331201,1.90387160059625,-0.986942664408508,-0.52381534215372,-0.960502385185935
2,11.062638240518,9.08210223507715,2.66762200909097,-0.38627013327608,-0.0727647543772967,0.310895970485808
2,8.92106611640363,9.41821430049609,2.40294272582928,-1.99298346567164,1.23059004266106,-0.127791579585359
2,11.0585219540594,9.24445882952867,5.34715055634793,-1.11405650197796,0.0142844087103161,-2.08431842717096
2,9.36637982741698,7.00794998654326,4.53286568382441,-0.210758171043917,0.494378122259133,-0.950180361921541
2,7.66262570460777,8.27389417233887,1.09783503994265,-0.218333837301693,-1.51258260062724,-0.558302797196601
2,11.9503460491214,11.8411345568371,1.92172380614019,-0.421998951700607,-1.98995816787445,-1.15837933979571
2,8.05301915609413,9.86648303081381,-1.17139854584482,-0.699313419411735,-0.749659342414811,-0.751684854810352
2,10.178803574857,9.41441772023952,0.643599384068964,-1.22139606224657,0.200005783846266,-0.913588399285077
2,8.66914229399344,7.6201809475198,2.6266095589105,0.166123294020504,0.438743170708426,-2.27530768156831
2,7.40983563601286,9.51851110256836,0.986908904261212,-1.00642009832818,-0.656892483631296,-0.29183581059088
2,8.94596695693627,7.29263579083689,1.41109248763467,-2.16774375127127,-0.150462268970756,-0.152023524071658
2,8.85222191524742,8.47419489873914,0.423876382049385,-0.625284100220907,0.973343258704125,-2.0083375863338
2,10.1017386027889,10.0952522783258,0.985993616472306,0.177059274061527,-3.11945164202697,-1.8161320216256
2,7.01991414274091,9.41304075049643,0.716488293317578,-0.228179281497686,1.67883586360136,-0.861492360015142
2,8.94644946690951,8.86706642636145,-0.150253067484391,-1.02703872932786,0.543581487084206,-0.654201377810777
2,9.71984516789789,10.3589855375035,1.04923255488578,0.242821759689796,-0.579240243267848,-1.02131966224995
2,10.5835666088846,8.92791274689561,1.34228651714237,0.651350945230061,-0.0249338337261094,-0.885320939281352
2,7.46754373757895,5.66168282937109,2.50988658921687,-0.166064509612422,-0.120979977079556,-0.924693489845633
2,9.21971905056229,10.3273670906515,-1.12489055279466,0.515302737500911,-0.917285746272163,-1.83224125279576
2,7.69267187330995,5.54516399957953,3.87045256864471,-0.923900241959362,0.530927178313609,-0.339258615567626
2,10.8638766374074,8.30544858704474,2.71118636347241,-0.0308833433405322,-0.789924027212584,-0.701618877442868
2,10.6936207144521,11.6633599907546,1.29526076877689,-0.509078626203946,-0.138663934545554,-1.35568814225475
2,9.69641657707103,10.4784670721397,0.652043105646596,-0.312811647846014,0.794993057819482,-1.18942097218911
2,8.28788356033614,7.00992738662015,2.64801986277402,-0.251204390510032,-0.908904256684463,-0.337237290034577
2,8.63056447085085,8.62813737129077,0.477670920464539,-0.235128823546825,1.00794411128952,-0.975941696892054
2,9.59057250964312,10.4518008483033,-0.646300029605916,2.47509798110196,0.325051684363633,-0.828060718517355
2,5.85018654057251,6.24769322565737,-0.227513477819699,0.596613035239408,1.75161954043804,-0.19129008883873
2,8.3853455960671,10.2452813769412,-1.85624497389522,-0.342959654588294,0.147427851262268,-0.414935654802894
2,4.60556631690587,8.06988367941883,-2.40783000995588,-1.17458055297844,-1.16608538981635,-0.753885695341672
2,9.9380005272029,8.12609693486708,4.93245539741349,-2.1677563044299,1.02606087940897,-1.26955111602026
2,8.36249484096858,8.23176787981052,1.53748874393108,0.212349137086811,-1.82804451262777,-0.0374286649327775
2,9.28808648080812,9.39060026226987,-0.0924995457218147,-0.962810093669134,-0.1311241262173,-1.62617257996733
2,9.33240392661921,9.31378132006312,0.958956080059366,0.344356532986282,0.993749452619725,-0.724946765962676
2,10.0854112886575,10.0933069847027,0.673865353532485,-0.880414842497358,0.362160485141714,-0.708739117638394
2,8.13227912322017,8.56534770258303,1.35044621374814,0.24569906162199,0.629308528232574,-0.498015370397714
2,9.3477575824863,7.94464179722631,2.18079222465631,0.94809167787234,-1.18215933918515,-1.93005316930238
2,11.7960663947321,11.8971300641571,1.87823491608612,1.03384932476048,0.149588609858151,-2.08677614173746
2,9.54381041571165,10.4281994817472,2.08062169652606,1.61502502747957,-0.00339340796031107,-1.45679278997539
2,7.23356021401089,8.74624401373077,-2.57850963082454,0.602564455530218,0.635876915977808,-1.68493402501459
2,9.68340302516804,9.82060240441879,0.924740298167406,-0.826976996612586,0.386654289628598,-1.73941785996536
2,8.28235791356503,9.73278897067287,0.505651798915112,1.07541730325343,1.67495607182438,-1.0933797205958
2,10.1781647443234,9.06241189572412,1.97235471795863,1.04677891629949,0.87895894611134,-0.901906817612038
2,7.08297890746019,8.37867445421504,-0.615674926938333,0.373217673093465,-1.16710851762352,-2.13830356892316
2,5.95619970470717,7.002302216936,-0.367857212660079,-0.35060516992411,-0.961070147608679,-0.311991150816595
2,7.02926160640101,8.07127351161645,0.302556075499335,2.73654189055837,0.0238161533097023,-0.258327688218676
2,8.10467710971168,8.61699636475271,0.277197267504581,-0.667078009600232,0.265725077753178,-1.08191791117709
2,7.08500585798157,8.08344220716665,-0.0593527807629588,1.51029558038998,-0.641649740726116,-0.355919316719648
2,11.8137089955209,10.3680866105346,3.50650596589959,0.478795347080365,-1.33471034594586,0.457934920059565
2,9.75619078288614,7.26047173184353,6.81630754350316,0.0582475666602136,-0.53142314370372,-0.450883180979307
2,10.1296959434699,7.67912569026735,4.2379477717136,0.821388616395331,-1.28716315932644,-1.1319334135179
2,7.78431678598012,8.52741547177966,0.412044622769063,-1.65704680402869,0.679089558120949,-1.36055269786657
2,7.91122157964907,8.36580098727053,-0.109882339062747,-1.90262698824342,0.088387796589997,-0.495071437319761
2,9.50426683647034,8.99951876635461,1.81974044121022,-0.291473371485993,0.4534492657493,-1.73204151627695
2,9.1534109207979,9.87580358246346,1.47587623736022,-1.08522107453316,0.737538713343994,0.33986058977488
2,10.2568080053576,10.348750796345,2.50423056470434,0.0646532797076832,0.17554944917442,-0.959841242603102
2,7.67689239021501,8.5406593951715,-0.312660667789209,-0.875067396973048,-0.394443208588719,-2.20259484753808
2,10.4822281861031,9.65790890278869,2.92919112491621,-1.7648038626829,-0.0352702303188749,-1.04584661242331
2,6.37113278491455,8.22793628601474,0.164313980786381,0.598247206212554,-0.698694386182528,-0.368441407544774
2,8.48296024474119,10.27645934527,-1.1217219173396,0.79809558349764,1.36219636760116,-1.16806832555331
2,8.88521045711703,9.58032539175472,1.05337782366536,-0.548069850060793,-1.59215449221223,-1.62492708576403
2,9.73670045937817,7.86206159920925,4.33267341173527,0.00714413906280148,-0.767348823694982,-1.18958544917177
2,9.02434035443183,10.2334495653018,-0.579684062260475,-0.0851857778151169,0.447072223525743,-2.00773978628656
2,9.36742953508859,10.8373470969356,-0.704301013369099,0.199293133606083,2.28885894812208,-0.800080074350912
2,7.23424359702123,11.0593790942264,-0.470279423768685,-0.308943675919621,0.426822748709838,-1.11241554165613
2,10.4419773041143,9.86428442141435,0.605374729822653,-0.489401069508499,-0.780886191435034,-1.09973287006632
2,10.5369805340166,8.7257051821299,2.02051815243164,0.0350599475037467,-1.19017333524463,-0.726888034506185
2,8.62261999159229,8.01849756675988,0.430937885972468,0.758747612464632,-1.32376713481413,-1.33506593178965
2,9.86994206312068,10.0219872355784,2.93362924666848,-0.556430701385989,-2.25780650832452,-0.164269013963008
2,10.3755495312735,9.44588199745927,2.76841743340194,0.456866117050219,-0.56331958238555,-1.59848287203033
2,9.06565874663299,7.48999354236551,1.75919844875907,-0.322317973685213,-1.20670131107655,-1.16340975553931
2,11.3237741763937,8.21034173355778,5.29202074321318,0.936110673618987,0.0586914819913195,-2.09034087924906
2,7.71037570063603,5.69348565910015,2.7748467610485,0.775842473221109,-1.3117188135385,-1.08902928684127
2,9.90708274432064,8.43546885146508,4.53981218099634,0.0723319279258766,-0.486610203136735,-0.369586985227627
2,9.21502503577583,9.37359757331773,0.541276250011848,-0.460186357234528,-0.497823934603117,-0.498875559088369
2,9.00859508908241,9.28529951888035,0.116336957703272,-1.96964173302313,1.20469186934818,-0.0344564395383244
2,6.47759366767793,6.59474169554998,-0.516290297338891,-0.653100331320586,-1.38569589127012,-0.896096910690301
2,9.22716856965144,7.85755455383147,1.56227875593351,0.690903128202929,0.807729376341118,-0.975692100187105
2,8.36460714677268,7.19283433850014,2.38576323728452,0.583938072274359,0.0890173549208624,-0.0447662487767968
2,8.01432511600111,7.21505137900825,2.72150493087241,-0.762419401841422,1.170132819997,-1.25794154361818
2,9.22586276862726,8.81139241304767,2.89996489305978,-0.307018315824469,-1.57935291563544,-1.58051056334082
2,9.10600948603205,9.88286270346896,0.0660025098507576,-0.366347693801519,1.810422805833,-1.31639995659994
2,9.10356939761003,7.57074099978689,1.93491720157264,-0.0040769090950773,1.90379121490584,-0.208283196908981
3,1.81054689186117,2.69117121636818,-0.173401285502712,-0.154838686076381,-1.37553518645237,-0.613342878685918
3,2.50022528839959,3.78082539210739,0.708563217397988,-1.50013437571389,1.0092814464435,-0.652583471360206
3,2.22014895805158,2.28176908984903,0.701354109182064,-0.139092593933977,-0.332120886615697,-0.961207432806273
3,1.51309235497846,0.649886926760447,1.61298304835037,0.0821353512308395,0.493812932446616,-0.321400375402975
3,-0.0479733326700966,1.28926942532444,-1.74518208279086,0.42003438705692,-1.57040013866222,-0.875841758078967
3,-1.63803353153645,-1.58519920265352,2.23453997286189,-0.785004956392626,0.527964898145963,-0.157938886928026
3,0.599886004959916,0.610445250068293,0.491706492771558,1.42266493980112,2.58231442025239,-2.00966065613167
3,1.59995075307827,1.63789837702942,1.48332108789137,0.793157027307563,1.95329964973543,-3.09362915250693
3,-0.290491093364267,-0.226500232453655,0.867356841402348,1.5122199552824,-0.327085766052125,-1.23862492380285
3,1.682452605216,3.16110771596149,-2.05063509522076,0.119276198330373,-0.132533234093115,0.382227805219181
3,1.48316646235885,2.17924833860431,-0.340393204333779,-1.9452378789999,1.77680762079007,-0.407725098023651
3,-0.240723704187689,0.832510893798433,1.38872783124584,-1.30790063217707,-1.33199987845458,-1.46476925438004
3,1.46772101809322,0.642246826948827,2.22143926724776,-1.16564016882891,0.930691315197796,-0.311567070128293
3,1.78260662873536,1.02553660493036,2.43234516055436,1.2646171908103,0.385884381440678,-0.637724054372547
3,0.264714619428595,0.959462002983864,-0.974784227439343,2.99936442768988,-0.153786292167968,0.325578208620813
3,1.11902813125678,2.23188870209539,0.593556896800961,-1.57229469912901,-0.820730848275282,-0.361749049264673
3,-0.33282227682332,1.00964512575387,-0.126303045058388,0.344128119258863,0.207294875124799,-1.17344062667503
3,0.977089237366259,1.33746848418352,-0.335803699406344,-0.553792619639992,-0.815895563682276,-1.72830420081212
3,2.2797284503452,4.07033229228501,0.184155286297467,-1.53593690631185,-1.88160225036002,-0.8821605388085
3,-0.890241741457018,0.754457771054349,-0.515978872841027,-0.526378375322067,0.11605279406778,-0.429143628828594
3,-0.0320521188469802,0.206875487166708,-0.575709340362907,-0.309363887656709,-0.487562967499431,0.381192573860015
3,2.1983231530981,2.6337225157779,3.28943934980978,-0.405094505848459,0.304950691576403,-0.550983407156047
3,1.600443570335,0.70353235676848,3.22517837545064,-0.9285232405229,-1.52234854590214,-0.97748003341317
3,3.3354606815773,0.87236950872281,3.08879605544771,1.49564809103817,0.570650486255941,-1.26644511619504
3,2.04968268905416,0.129272219976308,2.91343108724101,-0.763894739847865,0.261245511193114,-1.01531146034387
3,0.240894806542923,0.59130516537632,1.18688279892326,0.00274352096961006,-0.114470263272486,-0.916427255067532
3,2.08230231470931,2.06428699475418,2.54063020669164,0.424443805200613,-1.46688268211418,-0.761346823768405
3,0.993461438747163,0.759174302410071,0.715306064243349,0.22914933683973,1.76008408225213,0.269750412456895
3,-1.2878404718638,-1.41710095393919,0.698475038101578,-1.28079647574588,0.929043511639736,-0.233791550029908
3,1.8653799037853,3.57117824542903,-0.824594379239887,-1.86129058543676,2.33284683889115,-1.92161085567553
3,-0.904732815730853,-2.15786198400221,3.02091685117895,0.483155968284061,-1.10965364020991,-1.51706118821101
3,0.36806063527384,0.828168902801876,0.168867275482693,-1.17814284508457,-0.699560762412351,-1.47751591160221
3,-1.32818036615731,-0.465794652527469,-0.687093456442234,0.750255439819701,-0.876133133890065,-0.851885168579915
3,1.31986160247893,1.2594876847546,0.316752555444747,-0.0966247703236436,0.834410504529079,-0.37556854577608
3,0.748729054413964,0.818905246746612,1.60798942787946,2.15167844999917,0.33233091099257,-0.965298956321075
3,1.5316235738116,2.64399310906236,-1.32714663896092,1.25918560995342,0.0440195082530531,0.039167658353273
3,-0.765059849943599,-2.51616672731542,3.73731978995719,-0.828315844818109,0.434958029317796,-0.099817053519308
3,4.19119841361871,-0.538030587663976,6.42368332205628,-0.701990415635947,0.154760451841658,-1.83530204794676
3,2.69833368346682,2.40388279348199,4.00443786926368,0.359498386960279,-0.289168232176561,-1.84997517884973
3,2.43314915767107,0.446555323608275,3.32469589129298,-0.172065870684672,-1.19003304955037,0.412018109203313
3,2.20360958062226,2.34395336967976,1.0964314491265,-0.268806710568179,-0.841002221338489,-1.12115238806518
3,2.779078833927,0.610666149127895,2.8647519069853,1.40422453730755,0.919824062894592,-1.37085431679198
3,-0.00145358877647572,0.203076922494473,-0.180526183673216,-0.163146877111421,-0.840818452381327,-0.0113793840053961
3,-0.401611154371147,-1.13038711415733,2.52880883071752,-0.7718254515632,-1.66127548926719,-0.541672382584934
3,-0.401952214911109,-0.259084289548208,1.88508977933748,-1.21261157747257,0.405922034321553,-1.8230584611996
3,-1.31371682997832,0.851231661827158,-0.843337083964156,0.580750088300083,0.606622270260117,-1.42270992283315
3,0.500082836426022,0.449040503707549,3.40962797841882,-0.806848311411237,-0.223452516218794,-1.60484303112814
3,0.774323325736437,1.26986160802782,-0.598064547555031,-0.209775319197387,-1.59721133689004,-0.894748870721838
3,0.168584421987827,0.196554630725783,0.0425109591759869,-0.226069250926243,-0.47497128659605,-0.794019531362607
3,2.4220078771074,1.94963278300907,2.66451385602918,0.249077336628989,1.55682239059731,-1.09014871165586
3,3.49355999537443,1.91380987889435,2.49107181285568,2.12577054598482,-0.308111287505203,-0.433077271264363
3,0.452930978170841,1.07150439405694,-0.649591886397987,-1.22520783432469,0.435401065887767,-1.22271474213508
3,1.23446268948369,-0.432649508181881,1.72165665420061,-1.83503876977725,-0.539721071132938,-2.71849506379456
3,0.134151426697733,0.582184834478332,0.93553755125546,-2.64235371620158,-1.52629645645873,-1.96476318708639
3,-0.0201774193917275,0.70726551993753,-0.373417371115189,1.94373340267634,-1.76053642304969,-0.810850190801015
3,-2.3414425768692,1.55907830843569,-3.60121545917238,0.0610433343369836,-0.292449729837627,-2.25774178368538
3,0.0338111303946842,-0.772066603097788,0.490446494635886,-0.0429115558139803,0.814480496655292,-1.29080181562137
3,-0.970207140702084,-0.0875295999112882,-0.553183860211845,-0.750647233819971,-0.577003529463056,0.858885257001866
3,-0.0216082104673514,-0.217909572796941,0.954066482650827,0.887233994183127,1.10675381360996,-0.0133775946523339
3,2.1152813243345,1.68063654115292,1.3366714290512,-0.461199624953731,-0.0518594933511415,-1.52906574718111
3,2.99231929984554,3.34017733038386,2.76941034175841,-0.237456447146324,0.193725172982704,-0.670774970670213
3,0.668123231647695,1.37938985970442,1.71764105809788,0.395009322865138,1.54567677659948,-0.0584393502083779
3,0.351882289538595,1.59636781203287,0.0337629651594573,1.18445659401476,1.74924808989593,-0.724869874716248
3,0.342994307695005,1.15240184168996,1.84412196880355,-2.44462638862488,-0.985909168816532,-0.366581243601254
3,-0.377067664287933,-0.144759389715718,0.180854973204939,0.858476383469684,-0.665732295436744,-0.0265604495717842
3,-0.769474596489146,-1.39259829839674,0.354206545524779,-1.84821378359651,-1.86891339194614,-1.89376784790494
3,0.213925903803619,0.139715042042627,1.26156691017469,-1.0507907176435,0.0549810839824115,-1.10145709757593
3,3.34519920828012,3.12503247416528,1.45123481159231,0.406581934960421,-0.769605117381714,-1.76571893266354
3,-0.0792078339754145,-1.6603023120644,3.2598201626799,-0.844701736010949,-0.366711782340361,-0.477208839479837
3,1.68262651243072,1.81521589603841,-0.997852079516281,1.21492353179444,-0.485953298258027,-0.830299517643308
3,1.74185250764127,-0.406273773052422,3.1219277868057,0.00313628897346611,-0.169695797217754,-1.77194165450864
3,0.859404292045687,-2.12724084647397,3.90056518952786,-0.0443965158518289,0.380245489981404,-2.02726217315291
3,3.63587572451475,4.10928935519872,-0.35800742199755,-1.45451074661126,0.574203005374323,-1.55273932978044
3,2.05378614611682,2.96970967918069,0.269993123989578,1.14931920074611,-1.08745777194803,-1.56461048567717
3,2.16426466136451,3.57134902169124,-0.360624711129768,-1.82879273658096,0.354332977950237,-1.5080280569986
3,2.73100314602387,0.69241690311599,1.72995691103969,-0.885674940167238,-0.929009733400239,-1.1775571357916
3,-2.56126077586768,-1.22222998347012,-1.48726603897591,0.80505512910116,1.2191754173437,-0.362465567588222
3,1.6535351226876,0.158236396549786,2.86279630239758,-1.50140326482842,0.708314687561489,-1.3798416354627
3,2.04447614307539,3.33686414456816,-0.162070042276594,-0.132315494110981,0.974171877097438,-0.105904734975199
3,0.620902346631794,1.38260626833996,-0.593855250454419,1.13118090994225,1.44212521491682,-0.761225862702632
3,0.32615536794424,0.717469310497913,2.33967085485977,-1.65504098591625,0.235727134815337,-1.03871408984414
3,0.855922822309364,2.20182495005524,0.410630630866365,0.0696743534013844,0.726342960779239,-0.704260615256808
3,1.91204180400548,1.63107042953795,1.52999043711486,0.955052844515607,0.120359157997363,-1.654228620261
3,-0.0134789403276785,-1.88216269427392,4.1068338446701,-0.254344461800468,0.345027317157394,-1.3832479159378
3,1.6354927979902,1.80443269002938,1.43403060802235,-0.208418605659089,0.21503764719298,-1.06056742242512
3,2.22236529226327,0.50235461065254,3.9950307576234,-0.155140728351581,0.879744591722346,-1.01442296063034
3,0.662786227160591,-0.672906049039006,1.12131237940807,-0.0222765794197902,0.864105239417771,-1.39569540196225
3,2.10072293771131,0.755131358849332,3.40631040620736,0.0562279848476551,-0.158722497116945,-0.607671293192138
3,0.354316486009977,-1.72910914159909,1.99551239824776,-0.554956481920511,0.461758991340875,-0.165168939068661
3,0.50495262309055,-0.620729913600982,1.44600786718649,1.44550133912639,-0.413987547533394,-1.68571193301379
3,1.47158259464306,2.36061862242451,-1.27736726334023,-1.05050895324882,-1.42354930234168,-1.20263183154358
3,1.80267873394344,3.39911928935493,-0.654712896660474,-0.227507136943692,1.42892700985667,-0.398398628541707
3,-2.25126450270966,2.81138200340162,-3.60762046124559,0.5297810698633,0.0419050296652033,-1.1212021847797
3,0.269836448618766,-1.04652676366286,0.841727346991188,0.215922449594087,-1.24226530500493,-0.63803782896383
3,-0.0477163505355871,0.133183980738934,0.437214518563498,-1.48626752432392,0.82855666272976,-0.50088920324392
3,3.0268235803627,1.62645966424402,1.39558678773264,0.973404711607763,1.08108693655423,-0.0406437730250917
3,1.676999683452,1.44949324285896,0.747157652209116,0.768318038560755,0.452156675742526,-1.63058672722279
3,1.04468393334918,-0.244596676631176,2.00719549140579,0.841924755585394,0.0382594616963401,-1.45889036940472
3,1.05215473735963,1.13279687094713,1.35796671330248,0.948975976842511,-1.5738946924,-0.899211500188303
3,2.54015493102003,4.16830050078294,-0.227287920036961,0.243131916897631,-0.267274335189607,-1.51740109619942
3,2.20107652497941,0.111674708153074,4.2223164144186,2.04604056397809,-0.416241442126402,-1.42980857186249
3,1.8255253567274,2.92751058005672,-1.22829617885401,0.397770750634558,1.50233573004968,-0.238995321066029
3,2.53054371414043,2.47414445463602,1.80032926805335,-1.66431768975549,0.14777838273316,-1.40759458552511
3,1.41918255214989,3.10716568116635,-0.729975176551678,-1.45799416191253,-0.265197908231202,-0.223153848350716
3,0.887427755496321,1.27898162556233,1.17201512114648,-1.39613444348526,-1.18117345248685,-0.00485914867678205
3,0.167765070300118,-0.609808240519156,0.505982618750775,0.295687924379806,0.392362487803778,-0.97408018637293
3,-0.45137551898571,-0.409312616307303,-0.0724187037564519,-0.445732358148773,0.491125315159447,0.360415908868958
3,0.953081698265033,-0.430369283621695,2.93020026752879,0.836244770872241,-0.0695425196526969,-1.88743227238463
3,1.10938599108576,2.67477390532254,0.000192990268027327,0.987893728614736,-0.347211386702453,-1.84645214726846
3,0.0539974038305011,0.43584521823023,1.16062788869527,-0.0198289407631658,0.194511196259682,-2.05687307165694
3,0.301092175850673,1.05613987691643,-0.0910186806605151,0.460592279242442,1.59636577024381,-0.495905120207045
3,-0.790588900234133,-0.310959224882452,0.0782268127030793,-1.08614823890636,3.03038412243729,-1.38812989709157
3,-0.519562582708653,0.308280079064141,1.11598100421969,-0.388462936573461,0.023814592647311,-0.982720252616804
3,0.664731123229487,1.69311848439084,0.934205386629006,-0.253871941274685,0.883859395267504,-1.30409175349029
3,4.23291424406979,1.04554249727516,6.46740799903525,0.792663001921811,-0.527843609761381,-1.63292250332604
3,1.13531196495131,2.49818766381345,-0.647268141158649,0.579928302791567,-0.418091149840504,-0.0968563509432433
3,0.729233007833998,-0.283141755986728,3.18182367230126,-0.237698026249502,-0.274252558430051,-1.06201173188042
3,1.91996276519111,3.0408839829339,2.10473670359221,-1.15136434387227,-0.498271325340611,-2.73634467821941
3,1.99637166272243,2.28816213513745,-0.0403124195378575,0.515125358803181,0.322409384309925,-0.366101892154627
3,2.00170840823988,1.62729587613619,1.48044834647556,0.329288240613427,-0.0209711884127278,-0.465903602679305
3,1.3890759435613,0.163031138824975,0.171375164298428,-1.07237844615169,0.604659515183808,-0.809306220443225
3,-0.471345000628511,1.02269894254598,0.0880470135344741,0.167749070467749,2.25074349875054,-0.179634665322767
3,0.390657434487335,-0.36536888093749,1.82709247670054,-0.866803902752925,-0.0290545900065011,-0.837245006897511
3,1.72148076978314,-0.235571726473214,2.99724752127672,0.423716483332978,-0.41175316717672,0.57361004906022
3,-0.0142421244225901,1.15068229061448,-1.28901649368373,0.0752426404723746,-0.0215056632170857,-1.61268721282463
3,0.267871035202419,2.00601914475123,-2.57244081647184,0.0204544273702658,-0.343276401604867,-0.471117832022606
3,-0.168662357571179,1.88921561381547,0.0915842898118858,1.45960501273459,-0.216415479390858,-1.22667158565033
3,2.00052333334547,0.247424564471835,3.46270705101547,0.746581496461272,2.02350545505797,-1.58729501519766
3,0.851651413915232,1.65747280179097,0.722106994712717,-0.37297485630077,-1.62668459364658,-0.827223792008106
3,1.71993795327277,0.819461108599632,1.94541735050406,2.24433349925967,0.628338118022471,-1.82368250504378
4,17.0068251050842,1.14962154063222,16.4913501947522,0.814471677359058,1.60297344930137,-1.44817908695976
4,16.9092304908583,1.287098143018,18.0303263304249,-0.00169123948784966,-1.9099324907603,-1.26829542429529
4,15.4812662021969,2.42837772529783,15.1643455857685,-0.192450967117118,0.45856057566083,-1.99541759986562
4,18.5617578516981,-0.226030652241945,18.9489405915906,-0.481969799878157,1.89855007106348,0.218078502310232
4,19.9362108153905,2.0062194477083,18.2705840319258,-0.835600345424382,-1.40068959727519,-0.500206569622014
4,15.5971519441259,0.103557961150137,17.6497020669898,2.26364854667928,0.320209883961881,-1.90725015576026
4,16.2508925868084,1.57825705718114,15.5043048298454,-0.489174205020436,-1.09536212785293,-0.94168158474971
4,17.6751891302229,0.327151218576351,18.6814096420303,0.768704651203545,0.149969468522344,-0.17520888475922
4,14.9414562106812,1.44376031176968,13.7814586323072,1.1746854448096,-0.634369669072336,-1.35041355344555
4,15.6521832153378,-1.60111635178517,17.6186215523739,1.13939617273672,0.536160534287115,-1.40405937223063
4,16.5221314080854,0.870943129322637,15.9326866069804,0.280582696321381,-0.611979582276638,-1.82082731532752
4,15.8378127313733,1.52659356020168,16.1882122478312,1.26625896358298,-1.53209101015917,-1.80791186433188
4,18.537137087065,1.67754131308448,18.7390718140316,1.56031762103743,1.02270076020643,-1.40907607877296
4,15.0606051068992,0.602446715535031,15.5706576080282,-0.36446245270425,0.828809586281057,-0.264192779844281
4,17.5068997035137,-0.107159762550192,16.6997381739702,0.876932028580491,0.403939095448694,-1.60685080957824
4,15.9931069585791,1.40225287617868,15.0520761813579,-0.609626519337202,0.971204815834304,0.0744700498019637
4,17.4969499665643,1.63451654445443,16.3062871752336,0.00459646234251382,0.812009758382662,-0.650139131634997
4,15.608125141447,0.568890018844093,15.1804888471834,0.778913225731558,-0.160665815669498,-1.32139255923709
4,16.39096397333,0.376529534517222,18.3392282092743,-0.585283431308079,-0.60062816273178,-1.66159997755623
4,18.0783026908313,2.00540787600604,17.5073968513707,-0.118697110280891,-1.78490972930911,-1.6439259759113
4,15.7462703715184,-1.71287614643868,18.656895791887,0.978528230611331,0.0158580168518465,-1.72459919710695
4,16.889806312852,1.48199720256593,17.0854883780922,-0.297658748122794,-0.278466068164011,-0.527265841332985
4,18.1114782350654,-0.652867602571848,18.6507719333538,-0.154129414016427,0.0424232530455063,-0.65282515994219
4,17.8248368072279,1.47137985928994,16.8205124808204,-0.327840534788259,-0.243380259722534,-0.703202938323714
4,13.1543224244185,-1.03533246096976,13.2256901553876,-1.29926460711909,-0.826339795224727,-1.21247099083654
4,16.7196019596758,3.01740610938739,14.8457302128808,0.411766557335654,0.449231744058508,-1.78184964970859
4,17.4079337027624,1.60475746327513,16.4398777640659,0.00692213879280001,-1.69462792434745,-2.21901648669016
4,17.7211970504857,0.79013036911286,18.2060503425958,-0.349300718042074,-0.050615810644254,-1.15759348854995
4,18.9449268452709,0.580162443546713,19.3041165774181,0.821387246030086,-1.50761951401987,0.112643463918648
4,17.209796057516,0.194790224504134,17.8722550329333,-0.854417572605167,-0.390214328294771,-0.846488026772562
4,16.7590898553608,-0.633748770208037,17.6678114561044,0.981950202556866,1.48759355816518,-0.484989400600619
4,18.1566173305009,0.2547961938845,19.4152893631203,1.57284358405892,-0.342782573054039,-0.971014383746893
4,16.6822297480635,3.02525924322207,14.0001257506438,-1.07519365833707,0.867745753986123,-0.808617465979942
4,18.5664182155656,0.2382286228606,17.9297247274793,-1.44348585550363,0.76772953481679,-1.72993186890689
4,16.5801713558112,1.28574453968626,14.7035502553455,0.979393551748967,-0.426035810131097,-0.105880626107475
4,17.5340015516936,-1.74714337340029,18.4394454609244,-0.931491842153537,0.369964460655041,-1.09787848186881
4,16.8982977832145,2.4566490649985,15.4850490776312,0.640723484175511,1.26122650049425,-1.68323137928833
4,18.0083994897996,1.85073842324255,17.0953111395796,0.797360694754176,0.566545880328946,-0.877221460118455
4,15.4059881921886,1.10299787936738,15.1041793129994,-0.427945548300059,1.89122430095627,-1.03152423272402
4,16.7796587046932,0.261544864911899,17.9663079513243,-0.289066861742939,-0.179533394399379,-1.5593635326411
4,15.4734200694279,0.664498829958998,16.7201088040618,-0.744779149862425,0.395413848010331,-1.55350890154698
4,17.6357736161671,1.79513290260891,16.5584540086007,0.496606909453276,-1.56452335171847,-1.28374457263348
4,16.9433315341234,1.07294945064934,17.0641431659686,-1.32460923187412,-2.28399547686723,-2.4054070661794
4,16.2435587415544,0.493333923666009,16.5287655391081,-1.05232868313712,0.401871540014697,-0.677627215408904
4,18.8116456192233,1.02454160315178,17.7736284529604,0.816186175098048,0.41719170187352,-1.02428412045232
4,16.6873955861353,1.73572266086514,17.5716702621055,0.340281560499929,-0.49032853451843,0.177354632516698
4,19.3763042158614,3.21151014688264,18.7116049465694,-0.911828702069036,0.644926135148972,-1.87293534277714
4,18.4924716017455,0.647965648989975,17.5100923237742,0.310283589669479,-0.844736660094836,-0.991571649441533
4,18.2606540250044,1.10257892329364,19.3339252908632,-1.58014062493359,0.589098962067789,0.149157646185371
4,15.7454292355073,1.1306390272666,16.0927325049757,-0.741739083560152,0.205053403552317,-2.15694730297361
4,17.7571033048012,0.160606787654393,18.8724320675458,1.20166148952331,-0.845938991390289,-1.26875481238668
4,17.7943215229263,2.47952458230987,14.8323198615739,-0.563864009235172,-0.466660177611668,-1.04631774148844
4,16.7275971116433,1.88623429560563,15.5702874164454,0.969312395786674,0.238244060153087,-0.85530445172176
4,16.449031233448,0.738878677649453,15.5942060199685,0.571770917445231,-1.20559499317165,-0.628149057885528
4,15.5278595837921,1.0223179130501,15.663182484111,-0.766993584137627,0.155258986201744,-0.470201773926305
4,16.5646618596439,-1.63859988056001,18.0022074586788,0.436424824619717,-0.355449581467928,-0.54800442145175
4,19.323592498664,5.0380917961646,15.1604869327633,-0.900190064473168,0.353613972113203,-2.20391344086052
4,17.8469669537971,0.766970887694185,17.8390167279051,0.447547384954384,0.938528609977948,-0.365064805977485
4,14.8213742374711,0.284639457886908,16.5143444064658,-1.74794586923441,0.36332028778321,-0.102462314770613
4,16.9741385012135,1.28623729585769,17.713156693484,0.351857854839735,0.245681806766617,-0.636336234952897
4,16.3140501146602,0.363618984240223,17.0882171776344,-0.94911985465827,-0.403547997935706,-1.23971497914749
4,17.6621519225266,-0.183634978667547,17.9753350098915,0.179724011989942,0.71581974444346,-0.481725020829987
4,17.0774546278633,0.792773720896816,17.5028692789133,-0.231440776718492,0.548627145731858,-1.34802071849818
4,16.7991737417161,0.277690526489714,16.2816204489464,-1.53770016592339,-0.510171003492853,-1.13376146953566
4,16.6620782796855,1.93763659739454,17.5552120215258,-1.3133776889654,0.127558337483763,-0.61522321583963
4,16.8005280341726,1.17047074039347,15.7400475412214,0.281296981365224,0.485650591247764,-1.49599241856517
4,16.0323486981763,1.25877773890375,15.3594585365926,0.679696291113993,-0.626337922292591,-0.800650140236086
4,19.5520024388008,2.34882625220593,18.4557417346846,-1.10934588432542,0.546887874756441,-0.734438332740193
4,16.6018833026966,1.1008108209632,15.5718585198659,-0.0990858361680043,-0.753713003642506,-1.81007606951086
4,17.009032415704,2.21480034992394,16.7832445310255,0.00602773476005203,1.09294326364736,-0.0172908931944754
4,16.5884785345185,1.80130093037986,14.8168464487041,-1.15121470314661,-0.522133141000034,-1.33833230721635
4,16.1627601491491,2.90796919345921,15.7862860310705,0.0475224302792472,-1.19772600696471,-1.384605295151
4,16.27707698582,3.62351951032135,13.6452092658023,0.424450106038054,-0.410990185698326,-0.826024285292494
4,18.3325850348553,1.48033658742175,19.3907045767094,-1.14998190769221,-0.681143638305312,-0.98958117244757
4,16.3813868581983,-1.69719018436733,19.7397984199563,-0.893981243638122,0.444515836749349,-0.769104086397775
4,17.6952574986164,0.526151123225566,17.4205274306168,-0.882465918996339,0.411121276205198,-0.72305949802906
4,13.2346293906226,-0.224686420934394,14.7744532587457,-0.156871652171523,-2.24927543478105,-0.282063710446726
4,16.9448990225091,2.50597885450309,15.8082447099489,-1.338573200438,-0.348552801997549,-1.3220804569653
4,18.5148223571535,0.246701314752719,19.5642790340455,0.197550250652108,-0.558542059758337,0.145965194504039
4,16.2601068545174,4.67163615702707,11.7804697576755,2.24237634528221,0.048474723964407,-2.09254193638003
4,15.1416796754794,-1.02817267772287,17.6197508437407,-0.704656876328527,1.15862650206134,-0.369874908500152
4,15.0735647700492,0.504266236710739,13.811051689387,1.27647017045642,-0.801191069416871,-0.354891276193945
4,18.2638626410204,1.96033336104646,15.7236111519491,-0.397774469377285,-0.675123186403479,-1.05042639129033
4,16.7976691072322,-0.388367972042831,17.5118115864797,0.606546659594773,0.688537576799215,-0.194113265109688
4,16.2363303763995,0.579854282481358,16.4329883901712,-1.25219888604666,1.88171070176316,-1.36189843125499
4,18.5072166061466,0.808820785833854,21.5082748593573,0.996892946866668,0.859732575065307,-1.73368932816916
4,15.7789691542463,0.960365336352863,15.8064332024057,0.503425279377324,1.07545961291353,-0.110240061058663
4,18.730936665675,0.727316813804786,17.9297815811652,0.285419741761662,1.04177200345894,-1.05881904745884
4,15.5786565558621,-0.609146300134789,17.241862547895,-0.650484488686026,-0.507636454343871,-1.02399105218548
4,15.6275033706354,0.044301440492085,15.7887330863014,0.0430468548800069,0.271915420859305,0.226245005023866
4,17.6532315961608,3.39783085028592,14.6352760558843,0.632357909700429,0.0757039875259117,-1.59070618817108
4,15.1158203916305,0.818881234872586,13.8042248638109,0.641598811786697,-0.0131623176507957,-0.815738361030731
4,15.7003825287283,1.25752251025654,13.359543217989,-1.78160763733171,-0.217215370191688,-1.50073278471365
4,14.3564080490288,1.56505700090104,13.5669052345638,-0.586012848905088,0.0909865753373322,-0.623921702750408
4,16.6109957239101,1.42691019956098,16.1730168477987,-0.0712455760554908,1.99597435242834,-1.59998442960678
4,16.3207108779348,1.49626194864035,15.9168501164204,-0.104441063962612,-0.204160986446786,-1.1930422293912
4,16.6665764353575,2.49358962971087,15.7650267378582,1.45481609771887,-0.370054892468525,-0.366627173323804
4,17.5421871855866,2.03646944156564,17.5693362680587,0.316283027043217,-0.312006608913024,-0.819790613961016
4,19.3671736712379,0.876347000633001,21.3653400487961,-0.575781499647902,-0.89620517575884,-0.251873861897734
4,16.268373322542,-0.305234513856406,17.7458431508432,0.316379398836024,1.11230319103738,-1.0621288413378
4,16.672525563996,0.880078516668986,16.4972483268834,1.3900134652975,-0.331140832001142,-1.43727194685158
4,14.9130412063432,-0.322652503132801,13.3325402259171,0.102789608138401,0.0706792686216018,-0.73515529479336
4,17.5808879876257,2.15395776326618,17.6500785618031,0.547882903559833,-0.231316134075877,-0.875297566032678
4,16.9256166553119,1.5372531912824,15.6839510777353,1.04167932990575,1.01218688536702,-2.46421914434873
4,17.2559887534504,0.211573314402955,18.5791647718062,1.05268753581233,-0.951328691215179,0.485772208598313
4,17.0112714671769,1.16419681556866,17.6342522691893,-0.748540400170002,1.49284028757544,-0.418025524821744
4,16.8382316890335,1.49057202902191,17.1039965918551,0.823758738680452,1.41445104171581,-1.32967855972713
4,17.1447026825294,1.23087241689956,16.9764642833012,0.400853919181087,-0.0925230293064778,-0.734037090709861
4,15.2885603947247,0.459925106527278,16.0143726799658,0.69454404450102,0.986777885087528,-0.472117210059969
4,16.3288071434351,0.619621326012747,16.1108878929922,-0.796213153545171,0.030713081497006,0.187508608223984
4,18.6883112817624,3.09748076369668,16.3715855035465,-1.24751289891009,0.325777393965531,-1.0216045720629
4,18.3123285360071,1.82909288109757,17.8721436136642,0.337900976894019,1.52916514596671,-1.12673414136665
4,17.3442385635993,0.923481214728316,17.034378988863,-1.4936665660833,-1.88846753912598,-1.83865544339909
4,17.8831648894997,2.66314865532746,15.0659637714125,1.06224151757204,-0.611476974120336,-1.54125902441713
4,14.2562804483186,1.54011215299156,13.6038995445514,1.01621326892047,0.757813496026191,-2.03212083965736
4,16.8488957993364,0.689395505264555,17.975780173013,0.808718127097783,-0.91863494126043,-1.46956559098514
4,18.4697976610081,1.23749190612322,18.410210841274,-1.06275865545267,0.38525970706542,-1.20129235629083
4,15.7422427546452,-0.490147198869731,18.0054646344017,-0.101935329392063,0.0870118047818526,-0.706402182329423
4,18.8844327517191,2.77558009210799,16.8788767740889,0.885111179098963,-1.05787998814752,-1.73733383955063
4,16.872081179802,-0.00843210560790597,16.6793988795036,-0.966925350476321,0.18949389876479,-0.982807675653382
4,17.6216127525208,1.82448641947623,17.3880449350099,2.7495604259583,1.33981412391091,-1.4063223208927
4,17.1236797479394,2.33867071923189,16.467982424874,0.794769525175233,0.891095747296206,-0.899926506961036
4,19.4507242857349,3.61536082421875,18.2777464560957,-0.000497429999493398,-0.157116041805553,-2.28199635406419
4,13.0196710940105,0.842265381078579,12.6268476088308,2.15398931453915,0.842043723358587,-0.71024369272864
4,17.6050654695637,2.21777100425969,17.3290522317516,0.141543984407475,1.52550281954775,-1.52587378280735
4,17.4371228307205,-0.0293184667606774,19.2572917897919,0.82593375977977,-2.12450783785279,-1.38458129909922
4,16.2418908137172,1.33793561886956,16.3971339676204,-1.95320846934581,-0.00996075773066463,-1.55135628583362
4,17.6317311733995,1.05791525958203,17.0081950428805,0.122276052168926,-0.488513690177483,-0.504576823036274
4,16.7854451297034,2.69624344040206,15.2771865891956,-0.588227144603993,-2.05697835126048,-1.01631470683576
4,17.3540229703908,0.191947786390241,16.5177361980425,1.20647717395371,2.03280220836422,-2.44815407063401
4,16.4159770683532,3.06272445547161,16.2698439412661,-0.151022796309525,0.10162765228557,0.158638710638859
4,21.1020420234861,2.69555601665562,19.2026491683967,0.809005400842467,0.0113224606660543,-0.409076000273968
4,14.3707492567833,-0.0786092667663754,16.6377942277729,-0.808280406910308,-1.00269791969876,-1.11505697745985
4,15.3851335828507,-2.14997431989113,17.5227089703716,-0.305814130237727,0.857008082292044,-0.54891989292591
4,16.5856753788799,0.732584279905742,17.6209002378874,1.55831451496113,0.35064622704729,-0.193848693090566
4,16.9637972817672,4.37798136827957,13.2019925607241,0.131995652370727,-1.91476241757554,-1.99608989966373
4,16.4955625713205,0.371775999118246,17.6478362481261,-1.24828149911013,-0.324561398924877,-0.912859004655038
4,16.6745243170269,-1.58485918149617,19.6452133352639,0.17238777098957,0.166930536375767,-2.1349836388426
4,17.958737685253,1.33120658392923,17.7755968668935,1.27353790419754,-0.0428399672480162,-0.996797801438491
4,17.1636257812036,1.84228025937889,17.5254180948373,0.109423376627239,-0.692728027533619,-1.25787480781417
5,17.8423733201377,11.0318304645408,18.1785285954004,0.238820768747971,-0.534839984515166,-1.23085556902697
5,15.614395629779,10.4068572308979,16.0999347422225,0.16836141526659,0.8719761090358,-0.904285251938652
5,16.3312279919416,8.26599288313188,15.7279546403928,0.820624935737098,0.436753579041289,-0.321449493189714
5,17.607643659331,10.6840116497076,17.000714938773,0.905632384792965,-0.566184792177174,-0.0502162894831796
5,16.5350651664991,7.50173512346972,18.6505266173666,-0.51163850869333,0.26268763434671,-0.424205800055774
5,16.1999117986081,8.04572459858028,18.6601442825373,-0.547683599624944,-0.387618468633469,-0.624410183676958
5,18.2730542451077,11.2954338850801,15.809917268789,-0.584609381633526,0.858279221470034,-0.732523494133
5,19.3160538281716,12.8159990206054,16.1788192001559,0.722100803587397,0.171401177623203,-1.08733911373822
5,16.3152309265993,8.0794328433558,17.5289274784871,0.79849907131323,0.433866708785883,0.577828697805546
5,16.9680961948527,12.3554613293662,15.262972476896,-0.609621249331285,1.56955365631658,-0.798359848723917
5,16.7620829732017,9.42666321876522,17.6578277984064,0.812610384596265,1.56614204481446,-1.74372567657495
5,15.8780203132784,10.1720397826226,15.1328084778462,-0.632172441813496,-0.702756120874232,-1.47597545206254
5,18.7396251861255,12.6395769213366,16.9742368116479,0.599843869425591,-0.109806755320444,0.209251839212
5,17.1487359425048,8.68460020619517,18.5001147305846,0.571409773659104,-1.2075572639395,-2.65004088548196
5,16.7131109421399,11.528429380503,16.345928294626,0.361892096592066,1.12359280057562,-0.903027692630017
5,15.6190828833382,8.1605843834875,16.1499103160424,0.251425186609954,-1.27563293231495,-1.91888582046212
5,17.0269986620877,10.1441663025453,16.5720716996697,-0.15705232085701,0.750250509865688,0.204992658664495
5,15.4570168471769,8.9028930019398,16.0202846516061,-0.33880058791774,-0.288682643436067,-1.36695962701234
5,18.8567493444026,11.2858628016662,19.2694004841402,-0.676724153822547,-0.103551878826286,-1.64875930152002
5,14.4627841354657,7.68169719184485,15.6403108667334,0.65109220008061,0.789691530249808,0.101778634654101
5,15.3857392808037,6.24811689781049,19.2182891264818,-0.417148500999862,0.645421105711755,-1.42542873196079
5,16.5370681348337,10.6746740709195,15.7180314913013,-1.16708248423739,-0.172702545337211,-1.62187888999634
5,16.6867290226759,8.64195628282261,16.5907677705257,1.23754762243591,-1.30372494703557,-0.992230466191594
5,16.0932968706671,10.6530073314541,15.2248749859758,-0.06383258546573,0.180990489355473,-0.65077951778555
5,18.0565874366855,8.52930471044824,19.6011394322442,-0.399728908816607,0.0707093873457657,-0.876822966801634
5,18.8855975377366,11.5550412468634,16.295573082356,-1.73853816351267,1.20092023158427,-0.597034786188072
5,16.5450556074738,10.7772751221905,12.9599540305331,-1.17105248750769,0.44752305496633,-1.56442308737477
5,17.6424382432913,8.16635923940816,20.279706372872,-1.08746126169711,1.69562740786574,0.0955913871154643
5,16.9972148026576,7.91586103380718,19.8176114011467,1.27169539053045,-0.694686405308162,-2.29577875882385
5,14.4414793596533,6.89837379098177,17.8213194080003,1.39762439511845,0.252334457169933,-1.75997937453808
5,18.4110143845688,11.9299842076676,17.4689398557183,-1.61495642706263,-0.853416319075704,-0.492247761990264
5,16.1580695310659,9.82175375329945,15.0011332063442,0.207406877902714,0.270392498536548,-1.0467699647539
5,17.6323264421721,10.0386369760278,17.6107401493227,0.689146121711529,-1.60904079267572,0.393695196257165
5,16.7538740988365,9.37832129482872,17.4663762982282,-0.574748960084997,-0.859113931163815,0.417642749856778
5,17.0738834670366,8.99337866980927,18.7413992359234,1.03979601642321,0.860585617496619,0.695586186204447
5,17.9937516312249,9.76740846176158,17.6493512564948,0.433192429405084,0.608341014290751,-0.861954812509418
5,17.5814125219751,11.3620173187986,15.338704030756,0.590291512477877,-0.640772187730352,-1.65842631018235
5,15.0860739276644,9.08408138217852,18.7385809425948,0.701292012785174,-0.502622080124894,0.230032734699972
5,19.12013847508,11.9718424840532,16.6653828407706,-0.532436554857413,-0.434876651698513,-0.572653206462662
5,16.6198287842449,10.6488381422184,15.7800367088874,-0.101234782442607,0.468314140450015,-0.984298682782422
5,14.7228027346144,8.89504147054257,15.8002758589529,0.873522230427592,0.58035439620717,-1.27771803639643
5,17.2737607717071,12.3029667637451,15.4525237837369,0.142830236772553,-0.552458607305902,-0.801083909307878
5,15.995865499781,9.49122030236472,17.7950552891898,2.25762794674201,-0.529526998764291,-2.02756383068867
5,17.6089188258882,9.37279482475352,17.4421238065331,-0.46395803295437,-0.676120246544782,-0.925473303112929
5,18.0060915603013,10.9803813820206,16.1003846836847,-0.888328165681419,1.57404042133282,-1.03329826765364
5,15.5030399446069,7.66210111121534,18.1079421804333,-0.806854473196033,-1.34845936441048,0.310006727116022
5,18.1613236134803,11.7695741395135,16.5039831387126,0.190305804472136,1.03839725187526,-1.32406080986022
5,16.6629423501967,8.93377975615157,16.4051493030634,-0.0299010012072116,1.0145989000171,-1.77944735279257
5,17.2219310140823,9.90336944122206,16.7644543482789,-0.990081406512961,-1.3807508664859,-1.00814544676095
5,19.336739924672,11.4025161856724,16.9386828145674,-0.115580976587726,1.10799066155013,-1.39110672246355
5,17.993381313993,8.73480490574032,20.4404080879081,0.253232614838999,0.555570840133337,-1.20981769723708
5,16.4720175717238,11.0255692941569,15.1155665135527,-0.624840168173648,0.0815603970438379,-2.35657736507105
5,16.4063021180274,8.93854373547066,17.1863685467644,-0.157603639137956,0.704345550763561,-1.15398694400482
5,18.295448155647,11.3355981275572,16.8765053523449,2.17443572249281,-0.128793963296556,-1.04232156947425
5,19.1535800709873,10.2159345260256,19.7438597826596,0.583406869290709,-1.19219332769266,-0.293776928450741
5,17.8298365686402,11.0564832544361,17.160101286251,0.0307152576392453,-0.106197329842766,-0.580810706410295
5,17.4782475447621,8.4680321958997,19.1776194963376,-1.58201808849561,1.16194363209226,0.645515150668887
5,17.9198693938606,10.9406601755491,17.2984269183503,0.0210483881211868,-0.119377355406664,-0.275964478751126
5,18.61808215933,11.3718444431257,16.9099260723345,0.478807439472721,-0.247393915886601,-0.16978597450625
5,17.5412064831189,10.6029450079736,16.6674666946657,-0.196174440194693,0.508571413491487,-0.728522902814484
5,15.3800469845407,9.7087938434184,15.4623031457483,-0.338672788946376,-0.590948852175374,-2.11220893018231
5,18.6537637734077,13.6505310657631,14.6781751972217,-1.102084553218,0.126458388803699,-0.529887160919843
5,16.7404044169621,9.06239486249875,17.7672751964595,-1.33579860812093,0.204785667478905,-0.983318156674785
5,16.4864872798847,10.4003275543359,13.6322369412633,-0.285847418728923,-0.50744798622802,-0.0351517184007302
5,19.0855904233701,11.2162070104235,16.3646486687333,1.75304148756041,-0.0256361466929322,-0.752891166141903
5,17.9656334083215,9.89180659056703,16.0616121105732,0.255217793723906,0.547931670547747,-1.23046596865841
5,18.0360204549817,10.7487563219119,18.6496856194588,-0.172579575581335,-0.277385321037393,-1.24083667968877
5,14.7987645345944,10.6872693910918,15.9689284262602,-0.868465452141538,0.611012751493993,-1.06797876619641
5,17.3207684473579,12.3693789447316,14.8336865781639,0.215276869971862,-1.90982278005384,-1.61947062367605
5,15.5069717384864,10.3998737793692,16.0147788539783,-0.505640119847445,0.146612324101886,-3.37426997894291
5,16.8070470604033,9.7957238388745,16.4681409835471,0.630494273915992,-1.04823942508608,-1.50346194966002
5,18.0721122241399,10.5053886593797,17.7932385477185,0.497427887733243,-0.00179086486195054,-1.52492931045693
5,13.8619655839954,7.96539099862393,15.9811865705237,-0.384073628246476,0.528413235205224,-0.745427981849612
5,16.0639496678632,9.84546850822092,16.0405450969806,-0.108220160829683,-0.100656098877834,-0.544176525101239
5,16.4332466299529,8.55183875407132,17.7096014103738,3.04217160554224,0.656461715319843,-0.0130711522331936
5,15.86086639949,8.10359799302686,17.3035285923441,-0.196330778310383,-1.50562291809955,-1.08391783470813
5,16.7114120696172,10.1686435064787,16.3819882837807,-0.448133772113627,-0.209015787607037,-0.280074773794965
5,15.9484141651696,10.9609440124556,15.054711027562,0.631147481771032,0.440711882675509,-0.366892523705277
5,16.2885730605549,11.0940820527825,14.6554257681683,-1.23370336046086,-0.309445460160361,-0.620150922210713
5,14.4168352634058,9.1773697987636,14.8520871492496,-0.272249148184859,1.43543237362343,-0.152538385012942
5,17.3643711914025,10.3350589051493,17.0131077184958,0.534083763968342,1.31560533241881,-1.10328359842064
5,17.937606713164,9.22405845035207,19.1275440297248,1.07815807678835,-0.594576964099615,-0.557119880874899
5,15.3192185242798,7.29966939171275,19.3188840909941,0.430075209431019,-0.121943730537141,-1.63020456701198
5,12.6345083931414,6.55545092711245,17.5770440085282,0.445563375626897,-0.6369983735528,-2.13916714787729
5,15.6847935712794,11.792174709494,12.9559463599692,-0.535230912973881,-0.0500278415483398,-1.41084858645807
5,17.3716380867538,9.65180261123496,18.2030064166566,-0.0958496801759935,0.766012407361457,-1.72820363858976
5,17.3165399062851,9.09748015422599,16.3253774719977,-0.0919771690920664,1.17206979446635,-1.57102486603874
5,16.0729680736605,12.1201338450538,14.7161116576927,-0.557697380511631,0.405326832155845,-1.11504992281441
5,17.0816546628487,10.9013089676775,15.9930503586464,1.02840740857644,0.261809172727364,-0.262424057925525
5,16.7385923069287,10.0116085661794,17.5963026459088,-0.00970266127410174,0.738978475765971,-0.549814703610254
5,16.0798336369794,7.16543012924969,17.8862021320316,-0.561950775686364,0.804748728164099,-0.77017976300418
5,17.942196150733,10.2243950455033,17.5302642962606,-0.868657170465213,0.0377957766945583,-1.43705157011095
5,17.9365223885085,12.3413921167041,16.1274367460268,1.54499323630363,1.1449760153409,-0.839798280036273
5,17.6664149389715,9.91433605315186,18.378565763768,0.203190704364479,-2.95694412937856,-1.58518874161842
5,15.6269287242461,10.1219215605833,16.2183147185398,-1.06729134382355,-0.325880611590226,-1.16274118075677
5,15.0514718605718,9.02469715815517,16.5102267608186,-0.739255351529621,0.00688875020428492,-0.781152211222362
5,16.0129419567478,9.07109331322317,17.7253023227804,-0.307314400896024,0.102368939617179,-0.345827842723425
5,14.5998737552019,10.0297355851788,14.8933865420843,1.05708406442711,0.593568051124624,-0.427591930356487
5,19.689787697985,10.1980398383066,19.5127355721495,-0.0902693282742549,-0.462515360970833,-0.980882506087097
5,17.0669595927777,8.89674991250714,19.2612994457185,-1.42931737749567,0.187973411052219,-1.40428315508828
5,18.7986234612205,11.3662857215569,16.2254665521184,1.38132293133952,-2.09621485754631,-2.19379781645683
5,15.3554512834662,10.0867763190694,13.8565241643416,1.91795883303721,0.557484686305095,-1.76057788558526
5,16.1884136659975,8.52064850437798,18.2307470112666,0.224494646050651,-0.194958894034814,-1.28011233760611
5,17.2257646943788,9.17610591491918,18.9260076897062,0.439609082055796,-0.778007731395799,-0.995117547176705
5,16.6021993606322,10.1157917021463,17.5142150105584,-0.392973337556072,0.750865581587191,-0.908185761207841
5,17.9743152716162,9.08351162349781,21.0814785853135,0.816886049119752,-0.323402525707592,0.191213506335628
5,16.6688132211449,8.84784252442405,19.3128298126173,-0.187529343338737,1.23287256753728,-1.3437090950625
5,17.4784741042247,8.2516650708599,18.8372744098761,0.0534826425456857,0.251904283052719,-0.131848492038477
5,16.4142095406262,12.5303772252512,13.0457033101904,0.970565288731259,1.36443264768215,-2.31134162585636
5,17.8501997909649,10.464811828127,16.2451049122533,1.40552023898821,-0.200976093049425,0.717396692416751
5,16.3972934275805,9.06953798437135,17.6456529545444,1.55503901862545,1.7546404957769,-0.813307317667502
5,15.7858886408886,8.48974485672422,17.0280803228141,-0.224488629003643,-0.162126529142337,0.335215234116016
5,19.4293982981128,13.2227216439615,15.8125520883146,1.88690411886651,0.597896644406306,-0.460349650010764
5,15.6786337863897,9.78562366931611,15.6769332988694,-2.07655306150054,-0.494526456197106,-0.363839489770664
5,17.5369610532148,11.2650030571588,17.030315705267,-0.243634870491876,-1.31491196895209,-0.39673869419134
5,18.2867886918367,12.6085410292545,16.2317481681439,0.651844744653624,0.572920002160022,-1.13147646187324
5,17.5087082203862,9.64564084774534,16.9926944721555,0.288132762340778,-1.95794595914569,-0.845554053762765
5,16.2211737174016,9.0399841452225,18.4666949560694,1.08560138998026,-0.828915555826047,-0.127995088613347
5,16.9354254180385,11.8494298833135,14.0250441894695,-0.30997658104514,-0.154370824913344,-0.751775089840577
5,15.636345020933,8.01353115675948,18.1001305313988,-0.460772038880592,0.34658353235716,-1.6999155493667
5,16.424582099194,9.8138579820358,16.3229548139432,-0.197013784124796,-0.0439118892669782,-0.939973930778594
5,16.7650454670208,9.78759300168861,16.5331512939307,-0.449470581824806,-0.515531535458073,-1.56769074668994
5,19.357532430697,12.1626242049913,18.2270403057385,-1.34218918402395,0.595263287412384,-0.863065857273947
5,17.6926127755198,11.0913940007112,17.4701989722857,0.342771979624974,-0.947478141340597,-0.84203585803061
5,15.8082946484148,9.79981680568096,14.04082735414,-1.61322930480915,-0.54827119144739,-0.858416641784939
5,16.768452342939,10.4181403900713,14.9185054935993,0.26743075720561,0.440381817272749,-1.27264895459129
5,17.9792108570264,11.7275497350972,18.4394709808142,-0.456124055478473,0.347940427826984,-0.419717779925484
5,17.1102280514513,8.76618504540132,19.9080476874433,-0.382794074647187,-0.425023010786042,-1.0240012089215
5,17.5404301978393,10.4258930463601,17.7321908518385,-0.426170279217224,0.164515264438781,-2.23670925166945
5,14.8238461051651,9.84729813720991,16.5156088235883,-1.55329874824181,-0.562260004781584,-2.28401250041985
5,18.7558858338025,9.93502063422389,18.4852999619278,-0.33703532341578,1.86106820125146,-0.454198685104841
5,15.3266937125737,7.79310612471573,16.4445597023115,0.59070493086643,0.247802036135286,-1.05471973337596
5,19.4393016289875,12.9498831480456,16.9951309701145,-1.14212607531732,0.722291195416856,-1.1833730250194
5,16.5638364242075,12.4419433162872,13.3633668180252,-0.128254100725768,-1.6871814313665,-0.410310340245242
5,15.3281014042152,11.4866489783499,14.9978431000336,-0.250708728753485,0.0553817142150316,0.107526798671259
5,17.3849070001345,10.3039177563912,15.2610184592643,0.463205969519166,1.34080505794124,-0.606620092377712
5,16.1550074027763,7.51734224661587,18.2234650557796,-0.788829703464237,0.248822027457705,-1.15497590029897
5,15.0286584980351,10.0923535190663,15.6563868713625,0.297082468407521,-0.476775322748157,-1.11140324364454
5,19.1429629479528,9.1680566509575,19.1714060459764,0.47918001780435,-0.459549249694877,-1.37808949020103
5,14.7575567501033,8.6009497376288,14.8069184041863,0.897751770304978,0.128196865365187,-0.856521435455352
5,15.9818700585006,8.17519889034404,16.8535622932311,-1.78917493948444,-0.233567258989893,-0.349118688534974
5,15.8435458530645,12.4690175742185,13.4892936706416,-0.0675983954327672,0.680266767535331,-1.21339651639996
5,18.365006166508,9.84441995893158,18.6525522531797,0.104489693326514,1.79092005499482,-0.124540107332019
5,17.0284442460943,8.42478711189971,18.7697697448592,-0.780028275094407,-1.29045356202566,-0.9757945188273
5,18.5566274462307,11.6107460189078,16.5482192656976,-0.99458098546772,0.599193043697409,0.0969593417099643
5,19.6298857859934,13.2314863907495,17.0412820625798,0.32955383211743,-0.523228482676171,-1.01005028792462
5,15.5828779869273,9.36852180750661,16.7697296005189,0.00482836853449523,-0.334946714452004,-1.88786193822601
5,15.7638375244362,11.904293812645,12.881614526808,0.104487918346932,0.619883268425065,-0.543685807759975
5,15.4296311713346,8.42465705683335,15.575463848966,0.736648984707697,0.446956425124507,-2.09606561241092
5,15.0619868894869,9.21054319980935,15.488894599078,-0.137956881843473,0.573397937228369,-0.950345533210688
